terms,accuracy
38,0.8488888888888886
253,0.875079365079365
110,0.8834126984126985
325,0.8804761904761905
181,0.8788095238095239