min_df,max_df,max_features,accuracy
0.6212996677946686,0.7136047772986127,1159,0.5492857142857143
0.7261280685098794,0.7558557748341683,1266,0.5585714285714285
0.015422025796901995,0.6944959303377022,876,0.8221428571428571