min_df,max_df,max_features,accuracy
0.4204983824457386,0.7989441128162046,261,0.7128571428571429
0.17380554038629586,0.6798619631646566,1312,0.7799999999999999